{
  "eqzvo": 0.5725500288614263,
  "ntlga": false,
  "puobh": true,
  "wwpem": 0.3728425730408971,
  "xwfgo": true,
  "mjdbt": 68,
  "ezkyw": true,
  "wlrth": 0.3796828286149765,
  "xpoca": 0.17021408533689653,
  "ebdyb": false,
  "xfqmi": 57,
  "esewr": 0.43653118741508157,
  "wlqcw": false,
  "zgdyr": true,
  "wxlyg": 67,
  "onetv": 0.11667844700881413
}