{
  "zoncb": 0.9596333386816643,
  "sxoxx": 79,
  "onvux": 0.06886947594862147,
  "cixpt": 0.16035162082477827,
  "iupmz": true,
  "yrekq": true,
  "tdihn": true,
  "kwgdu": 54,
  "dpwmc": -31,
  "djzob": 0.11556217521697454,
  "tmfhc": -17,
  "ppsqc": -54,
  "oafwb": false,
  "qrkhj": 54,
  "akrnh": false,
  "dircu": 0.5771705582782808,
  "dqbkd": -12,
  "cfdvh": false
}