{
  "mfbrl": 0.10718633998061544,
  "naizo": -29,
  "cugss": 0.9391245386784259,
  "alffz": 0.9483590284602795,
  "ogmwk": false,
  "jhxex": true,
  "ojebw": -82,
  "zmnne": 59,
  "ulolj": 0.8943518987131561,
  "icbhf": 44,
  "owadn": true,
  "sgvxo": true,
  "texbu": true,
  "dvgko": -55,
  "uilwc": 0.6957473992212924
}